original_name,case_id,new_path
BenchmarkTest00025,Case0067,targets/benchmark/src/main/java/com/example/webapp/cases/Case0067.java
BenchmarkTest00027,Case0188,targets/benchmark/src/main/java/com/example/webapp/cases/Case0188.java
BenchmarkTest00032,Case0102,targets/benchmark/src/main/java/com/example/webapp/cases/Case0102.java
BenchmarkTest00037,Case0194,targets/benchmark/src/main/java/com/example/webapp/cases/Case0194.java
BenchmarkTest00041,Case0112,targets/benchmark/src/main/java/com/example/webapp/cases/Case0112.java
BenchmarkTest00150,Case0122,targets/benchmark/src/main/java/com/example/webapp/cases/Case0122.java
BenchmarkTest00152,Case0014,targets/benchmark/src/main/java/com/example/webapp/cases/Case0014.java
BenchmarkTest00153,Case0003,targets/benchmark/src/main/java/com/example/webapp/cases/Case0003.java
BenchmarkTest00154,Case0065,targets/benchmark/src/main/java/com/example/webapp/cases/Case0065.java
BenchmarkTest00190,Case0045,targets/benchmark/src/main/java/com/example/webapp/cases/Case0045.java
BenchmarkTest00191,Case0137,targets/benchmark/src/main/java/com/example/webapp/cases/Case0137.java
BenchmarkTest00276,Case0171,targets/benchmark/src/main/java/com/example/webapp/cases/Case0171.java
BenchmarkTest00278,Case0129,targets/benchmark/src/main/java/com/example/webapp/cases/Case0129.java
BenchmarkTest00280,Case0077,targets/benchmark/src/main/java/com/example/webapp/cases/Case0077.java
BenchmarkTest00285,Case0159,targets/benchmark/src/main/java/com/example/webapp/cases/Case0159.java
BenchmarkTest00286,Case0168,targets/benchmark/src/main/java/com/example/webapp/cases/Case0168.java
BenchmarkTest00287,Case0046,targets/benchmark/src/main/java/com/example/webapp/cases/Case0046.java
BenchmarkTest00328,Case0131,targets/benchmark/src/main/java/com/example/webapp/cases/Case0131.java
BenchmarkTest00337,Case0031,targets/benchmark/src/main/java/com/example/webapp/cases/Case0031.java
BenchmarkTest00338,Case0004,targets/benchmark/src/main/java/com/example/webapp/cases/Case0004.java
BenchmarkTest00343,Case0160,targets/benchmark/src/main/java/com/example/webapp/cases/Case0160.java
BenchmarkTest00381,Case0016,targets/benchmark/src/main/java/com/example/webapp/cases/Case0016.java
BenchmarkTest00382,Case0043,targets/benchmark/src/main/java/com/example/webapp/cases/Case0043.java
BenchmarkTest00395,Case0127,targets/benchmark/src/main/java/com/example/webapp/cases/Case0127.java
BenchmarkTest00432,Case0187,targets/benchmark/src/main/java/com/example/webapp/cases/Case0187.java
BenchmarkTest00434,Case0163,targets/benchmark/src/main/java/com/example/webapp/cases/Case0163.java
BenchmarkTest00436,Case0048,targets/benchmark/src/main/java/com/example/webapp/cases/Case0048.java
BenchmarkTest00437,Case0111,targets/benchmark/src/main/java/com/example/webapp/cases/Case0111.java
BenchmarkTest00468,Case0006,targets/benchmark/src/main/java/com/example/webapp/cases/Case0006.java
BenchmarkTest00476,Case0195,targets/benchmark/src/main/java/com/example/webapp/cases/Case0195.java
BenchmarkTest00477,Case0038,targets/benchmark/src/main/java/com/example/webapp/cases/Case0038.java
BenchmarkTest00478,Case0123,targets/benchmark/src/main/java/com/example/webapp/cases/Case0123.java
BenchmarkTest00512,Case0013,targets/benchmark/src/main/java/com/example/webapp/cases/Case0013.java
BenchmarkTest00516,Case0037,targets/benchmark/src/main/java/com/example/webapp/cases/Case0037.java
BenchmarkTest00553,Case0154,targets/benchmark/src/main/java/com/example/webapp/cases/Case0154.java
BenchmarkTest00589,Case0070,targets/benchmark/src/main/java/com/example/webapp/cases/Case0070.java
BenchmarkTest00592,Case0062,targets/benchmark/src/main/java/com/example/webapp/cases/Case0062.java
BenchmarkTest00602,Case0196,targets/benchmark/src/main/java/com/example/webapp/cases/Case0196.java
BenchmarkTest00656,Case0033,targets/benchmark/src/main/java/com/example/webapp/cases/Case0033.java
BenchmarkTest00674,Case0173,targets/benchmark/src/main/java/com/example/webapp/cases/Case0173.java
BenchmarkTest00677,Case0172,targets/benchmark/src/main/java/com/example/webapp/cases/Case0172.java
BenchmarkTest00713,Case0061,targets/benchmark/src/main/java/com/example/webapp/cases/Case0061.java
BenchmarkTest00716,Case0011,targets/benchmark/src/main/java/com/example/webapp/cases/Case0011.java
BenchmarkTest00719,Case0145,targets/benchmark/src/main/java/com/example/webapp/cases/Case0145.java
BenchmarkTest00725,Case0161,targets/benchmark/src/main/java/com/example/webapp/cases/Case0161.java
BenchmarkTest00730,Case0053,targets/benchmark/src/main/java/com/example/webapp/cases/Case0053.java
BenchmarkTest00763,Case0126,targets/benchmark/src/main/java/com/example/webapp/cases/Case0126.java
BenchmarkTest00765,Case0107,targets/benchmark/src/main/java/com/example/webapp/cases/Case0107.java
BenchmarkTest00771,Case0074,targets/benchmark/src/main/java/com/example/webapp/cases/Case0074.java
BenchmarkTest00774,Case0114,targets/benchmark/src/main/java/com/example/webapp/cases/Case0114.java
BenchmarkTest00802,Case0106,targets/benchmark/src/main/java/com/example/webapp/cases/Case0106.java
BenchmarkTest00812,Case0096,targets/benchmark/src/main/java/com/example/webapp/cases/Case0096.java
BenchmarkTest00813,Case0104,targets/benchmark/src/main/java/com/example/webapp/cases/Case0104.java
BenchmarkTest00839,Case0146,targets/benchmark/src/main/java/com/example/webapp/cases/Case0146.java
BenchmarkTest00842,Case0044,targets/benchmark/src/main/java/com/example/webapp/cases/Case0044.java
BenchmarkTest00845,Case0001,targets/benchmark/src/main/java/com/example/webapp/cases/Case0001.java
BenchmarkTest00881,Case0162,targets/benchmark/src/main/java/com/example/webapp/cases/Case0162.java
BenchmarkTest00884,Case0193,targets/benchmark/src/main/java/com/example/webapp/cases/Case0193.java
BenchmarkTest00888,Case0017,targets/benchmark/src/main/java/com/example/webapp/cases/Case0017.java
BenchmarkTest00889,Case0081,targets/benchmark/src/main/java/com/example/webapp/cases/Case0081.java
BenchmarkTest00924,Case0103,targets/benchmark/src/main/java/com/example/webapp/cases/Case0103.java
BenchmarkTest00931,Case0039,targets/benchmark/src/main/java/com/example/webapp/cases/Case0039.java
BenchmarkTest00934,Case0157,targets/benchmark/src/main/java/com/example/webapp/cases/Case0157.java
BenchmarkTest01003,Case0177,targets/benchmark/src/main/java/com/example/webapp/cases/Case0177.java
BenchmarkTest01012,Case0136,targets/benchmark/src/main/java/com/example/webapp/cases/Case0136.java
BenchmarkTest01047,Case0079,targets/benchmark/src/main/java/com/example/webapp/cases/Case0079.java
BenchmarkTest01052,Case0116,targets/benchmark/src/main/java/com/example/webapp/cases/Case0116.java
BenchmarkTest01053,Case0020,targets/benchmark/src/main/java/com/example/webapp/cases/Case0020.java
BenchmarkTest01057,Case0015,targets/benchmark/src/main/java/com/example/webapp/cases/Case0015.java
BenchmarkTest01084,Case0178,targets/benchmark/src/main/java/com/example/webapp/cases/Case0178.java
BenchmarkTest01088,Case0147,targets/benchmark/src/main/java/com/example/webapp/cases/Case0147.java
BenchmarkTest01092,Case0180,targets/benchmark/src/main/java/com/example/webapp/cases/Case0180.java
BenchmarkTest01094,Case0066,targets/benchmark/src/main/java/com/example/webapp/cases/Case0066.java
BenchmarkTest01095,Case0085,targets/benchmark/src/main/java/com/example/webapp/cases/Case0085.java
BenchmarkTest01098,Case0166,targets/benchmark/src/main/java/com/example/webapp/cases/Case0166.java
BenchmarkTest01177,Case0047,targets/benchmark/src/main/java/com/example/webapp/cases/Case0047.java
BenchmarkTest01188,Case0105,targets/benchmark/src/main/java/com/example/webapp/cases/Case0105.java
BenchmarkTest01209,Case0080,targets/benchmark/src/main/java/com/example/webapp/cases/Case0080.java
BenchmarkTest01211,Case0055,targets/benchmark/src/main/java/com/example/webapp/cases/Case0055.java
BenchmarkTest01212,Case0197,targets/benchmark/src/main/java/com/example/webapp/cases/Case0197.java
BenchmarkTest01220,Case0086,targets/benchmark/src/main/java/com/example/webapp/cases/Case0086.java
BenchmarkTest01254,Case0119,targets/benchmark/src/main/java/com/example/webapp/cases/Case0119.java
BenchmarkTest01255,Case0110,targets/benchmark/src/main/java/com/example/webapp/cases/Case0110.java
BenchmarkTest01263,Case0134,targets/benchmark/src/main/java/com/example/webapp/cases/Case0134.java
BenchmarkTest01335,Case0143,targets/benchmark/src/main/java/com/example/webapp/cases/Case0143.java
BenchmarkTest01336,Case0034,targets/benchmark/src/main/java/com/example/webapp/cases/Case0034.java
BenchmarkTest01347,Case0019,targets/benchmark/src/main/java/com/example/webapp/cases/Case0019.java
BenchmarkTest01381,Case0141,targets/benchmark/src/main/java/com/example/webapp/cases/Case0141.java
BenchmarkTest01389,Case0124,targets/benchmark/src/main/java/com/example/webapp/cases/Case0124.java
BenchmarkTest01417,Case0176,targets/benchmark/src/main/java/com/example/webapp/cases/Case0176.java
BenchmarkTest01418,Case0064,targets/benchmark/src/main/java/com/example/webapp/cases/Case0064.java
BenchmarkTest01420,Case0084,targets/benchmark/src/main/java/com/example/webapp/cases/Case0084.java
BenchmarkTest01421,Case0149,targets/benchmark/src/main/java/com/example/webapp/cases/Case0149.java
BenchmarkTest01423,Case0101,targets/benchmark/src/main/java/com/example/webapp/cases/Case0101.java
BenchmarkTest01427,Case0156,targets/benchmark/src/main/java/com/example/webapp/cases/Case0156.java
BenchmarkTest01439,Case0073,targets/benchmark/src/main/java/com/example/webapp/cases/Case0073.java
BenchmarkTest01467,Case0028,targets/benchmark/src/main/java/com/example/webapp/cases/Case0028.java
BenchmarkTest01470,Case0185,targets/benchmark/src/main/java/com/example/webapp/cases/Case0185.java
BenchmarkTest01472,Case0113,targets/benchmark/src/main/java/com/example/webapp/cases/Case0113.java
BenchmarkTest01506,Case0052,targets/benchmark/src/main/java/com/example/webapp/cases/Case0052.java
BenchmarkTest01508,Case0175,targets/benchmark/src/main/java/com/example/webapp/cases/Case0175.java
BenchmarkTest01515,Case0005,targets/benchmark/src/main/java/com/example/webapp/cases/Case0005.java
BenchmarkTest01553,Case0030,targets/benchmark/src/main/java/com/example/webapp/cases/Case0030.java
BenchmarkTest01557,Case0184,targets/benchmark/src/main/java/com/example/webapp/cases/Case0184.java
BenchmarkTest01587,Case0100,targets/benchmark/src/main/java/com/example/webapp/cases/Case0100.java
BenchmarkTest01595,Case0099,targets/benchmark/src/main/java/com/example/webapp/cases/Case0099.java
BenchmarkTest01625,Case0132,targets/benchmark/src/main/java/com/example/webapp/cases/Case0132.java
BenchmarkTest01726,Case0125,targets/benchmark/src/main/java/com/example/webapp/cases/Case0125.java
BenchmarkTest01768,Case0199,targets/benchmark/src/main/java/com/example/webapp/cases/Case0199.java
BenchmarkTest01773,Case0135,targets/benchmark/src/main/java/com/example/webapp/cases/Case0135.java
BenchmarkTest01807,Case0179,targets/benchmark/src/main/java/com/example/webapp/cases/Case0179.java
BenchmarkTest01814,Case0121,targets/benchmark/src/main/java/com/example/webapp/cases/Case0121.java
BenchmarkTest01815,Case0035,targets/benchmark/src/main/java/com/example/webapp/cases/Case0035.java
BenchmarkTest01887,Case0049,targets/benchmark/src/main/java/com/example/webapp/cases/Case0049.java
BenchmarkTest01890,Case0170,targets/benchmark/src/main/java/com/example/webapp/cases/Case0170.java
BenchmarkTest01919,Case0139,targets/benchmark/src/main/java/com/example/webapp/cases/Case0139.java
BenchmarkTest01923,Case0150,targets/benchmark/src/main/java/com/example/webapp/cases/Case0150.java
BenchmarkTest01925,Case0133,targets/benchmark/src/main/java/com/example/webapp/cases/Case0133.java
BenchmarkTest01971,Case0128,targets/benchmark/src/main/java/com/example/webapp/cases/Case0128.java
BenchmarkTest02048,Case0022,targets/benchmark/src/main/java/com/example/webapp/cases/Case0022.java
BenchmarkTest02089,Case0082,targets/benchmark/src/main/java/com/example/webapp/cases/Case0082.java
BenchmarkTest02094,Case0078,targets/benchmark/src/main/java/com/example/webapp/cases/Case0078.java
BenchmarkTest02095,Case0010,targets/benchmark/src/main/java/com/example/webapp/cases/Case0010.java
BenchmarkTest02127,Case0083,targets/benchmark/src/main/java/com/example/webapp/cases/Case0083.java
BenchmarkTest02131,Case0165,targets/benchmark/src/main/java/com/example/webapp/cases/Case0165.java
BenchmarkTest02136,Case0120,targets/benchmark/src/main/java/com/example/webapp/cases/Case0120.java
BenchmarkTest02169,Case0090,targets/benchmark/src/main/java/com/example/webapp/cases/Case0090.java
BenchmarkTest02171,Case0069,targets/benchmark/src/main/java/com/example/webapp/cases/Case0069.java
BenchmarkTest02172,Case0054,targets/benchmark/src/main/java/com/example/webapp/cases/Case0054.java
BenchmarkTest02180,Case0091,targets/benchmark/src/main/java/com/example/webapp/cases/Case0091.java
BenchmarkTest02181,Case0095,targets/benchmark/src/main/java/com/example/webapp/cases/Case0095.java
BenchmarkTest02182,Case0042,targets/benchmark/src/main/java/com/example/webapp/cases/Case0042.java
BenchmarkTest02185,Case0094,targets/benchmark/src/main/java/com/example/webapp/cases/Case0094.java
BenchmarkTest02188,Case0117,targets/benchmark/src/main/java/com/example/webapp/cases/Case0117.java
BenchmarkTest02225,Case0200,targets/benchmark/src/main/java/com/example/webapp/cases/Case0200.java
BenchmarkTest02231,Case0158,targets/benchmark/src/main/java/com/example/webapp/cases/Case0158.java
BenchmarkTest02236,Case0026,targets/benchmark/src/main/java/com/example/webapp/cases/Case0026.java
BenchmarkTest02270,Case0181,targets/benchmark/src/main/java/com/example/webapp/cases/Case0181.java
BenchmarkTest02273,Case0148,targets/benchmark/src/main/java/com/example/webapp/cases/Case0148.java
BenchmarkTest02275,Case0075,targets/benchmark/src/main/java/com/example/webapp/cases/Case0075.java
BenchmarkTest02277,Case0059,targets/benchmark/src/main/java/com/example/webapp/cases/Case0059.java
BenchmarkTest02280,Case0153,targets/benchmark/src/main/java/com/example/webapp/cases/Case0153.java
BenchmarkTest02317,Case0018,targets/benchmark/src/main/java/com/example/webapp/cases/Case0018.java
BenchmarkTest02319,Case0050,targets/benchmark/src/main/java/com/example/webapp/cases/Case0050.java
BenchmarkTest02323,Case0093,targets/benchmark/src/main/java/com/example/webapp/cases/Case0093.java
BenchmarkTest02328,Case0076,targets/benchmark/src/main/java/com/example/webapp/cases/Case0076.java
BenchmarkTest02331,Case0142,targets/benchmark/src/main/java/com/example/webapp/cases/Case0142.java
BenchmarkTest02332,Case0021,targets/benchmark/src/main/java/com/example/webapp/cases/Case0021.java
BenchmarkTest02354,Case0097,targets/benchmark/src/main/java/com/example/webapp/cases/Case0097.java
BenchmarkTest02356,Case0032,targets/benchmark/src/main/java/com/example/webapp/cases/Case0032.java
BenchmarkTest02359,Case0138,targets/benchmark/src/main/java/com/example/webapp/cases/Case0138.java
BenchmarkTest02360,Case0118,targets/benchmark/src/main/java/com/example/webapp/cases/Case0118.java
BenchmarkTest02362,Case0012,targets/benchmark/src/main/java/com/example/webapp/cases/Case0012.java
BenchmarkTest02363,Case0068,targets/benchmark/src/main/java/com/example/webapp/cases/Case0068.java
BenchmarkTest02364,Case0089,targets/benchmark/src/main/java/com/example/webapp/cases/Case0089.java
BenchmarkTest02395,Case0092,targets/benchmark/src/main/java/com/example/webapp/cases/Case0092.java
BenchmarkTest02400,Case0025,targets/benchmark/src/main/java/com/example/webapp/cases/Case0025.java
BenchmarkTest02408,Case0098,targets/benchmark/src/main/java/com/example/webapp/cases/Case0098.java
BenchmarkTest02409,Case0183,targets/benchmark/src/main/java/com/example/webapp/cases/Case0183.java
BenchmarkTest02451,Case0191,targets/benchmark/src/main/java/com/example/webapp/cases/Case0191.java
BenchmarkTest02453,Case0087,targets/benchmark/src/main/java/com/example/webapp/cases/Case0087.java
BenchmarkTest02456,Case0182,targets/benchmark/src/main/java/com/example/webapp/cases/Case0182.java
BenchmarkTest02482,Case0040,targets/benchmark/src/main/java/com/example/webapp/cases/Case0040.java
BenchmarkTest02489,Case0169,targets/benchmark/src/main/java/com/example/webapp/cases/Case0169.java
BenchmarkTest02495,Case0088,targets/benchmark/src/main/java/com/example/webapp/cases/Case0088.java
BenchmarkTest02509,Case0186,targets/benchmark/src/main/java/com/example/webapp/cases/Case0186.java
BenchmarkTest02536,Case0041,targets/benchmark/src/main/java/com/example/webapp/cases/Case0041.java
BenchmarkTest02539,Case0002,targets/benchmark/src/main/java/com/example/webapp/cases/Case0002.java
BenchmarkTest02540,Case0072,targets/benchmark/src/main/java/com/example/webapp/cases/Case0072.java
BenchmarkTest02544,Case0151,targets/benchmark/src/main/java/com/example/webapp/cases/Case0151.java
BenchmarkTest02581,Case0115,targets/benchmark/src/main/java/com/example/webapp/cases/Case0115.java
BenchmarkTest02582,Case0057,targets/benchmark/src/main/java/com/example/webapp/cases/Case0057.java
BenchmarkTest02583,Case0108,targets/benchmark/src/main/java/com/example/webapp/cases/Case0108.java
BenchmarkTest02584,Case0192,targets/benchmark/src/main/java/com/example/webapp/cases/Case0192.java
BenchmarkTest02588,Case0167,targets/benchmark/src/main/java/com/example/webapp/cases/Case0167.java
BenchmarkTest02589,Case0051,targets/benchmark/src/main/java/com/example/webapp/cases/Case0051.java
BenchmarkTest02591,Case0144,targets/benchmark/src/main/java/com/example/webapp/cases/Case0144.java
BenchmarkTest02596,Case0198,targets/benchmark/src/main/java/com/example/webapp/cases/Case0198.java
BenchmarkTest02599,Case0155,targets/benchmark/src/main/java/com/example/webapp/cases/Case0155.java
BenchmarkTest02608,Case0130,targets/benchmark/src/main/java/com/example/webapp/cases/Case0130.java
BenchmarkTest02627,Case0060,targets/benchmark/src/main/java/com/example/webapp/cases/Case0060.java
BenchmarkTest02629,Case0056,targets/benchmark/src/main/java/com/example/webapp/cases/Case0056.java
BenchmarkTest02631,Case0024,targets/benchmark/src/main/java/com/example/webapp/cases/Case0024.java
BenchmarkTest02637,Case0008,targets/benchmark/src/main/java/com/example/webapp/cases/Case0008.java
BenchmarkTest02647,Case0009,targets/benchmark/src/main/java/com/example/webapp/cases/Case0009.java
BenchmarkTest02649,Case0109,targets/benchmark/src/main/java/com/example/webapp/cases/Case0109.java
BenchmarkTest02653,Case0152,targets/benchmark/src/main/java/com/example/webapp/cases/Case0152.java
BenchmarkTest02679,Case0023,targets/benchmark/src/main/java/com/example/webapp/cases/Case0023.java
BenchmarkTest02681,Case0140,targets/benchmark/src/main/java/com/example/webapp/cases/Case0140.java
BenchmarkTest02682,Case0174,targets/benchmark/src/main/java/com/example/webapp/cases/Case0174.java
BenchmarkTest02687,Case0027,targets/benchmark/src/main/java/com/example/webapp/cases/Case0027.java
BenchmarkTest02688,Case0189,targets/benchmark/src/main/java/com/example/webapp/cases/Case0189.java
BenchmarkTest02693,Case0036,targets/benchmark/src/main/java/com/example/webapp/cases/Case0036.java
BenchmarkTest02694,Case0058,targets/benchmark/src/main/java/com/example/webapp/cases/Case0058.java
BenchmarkTest02696,Case0063,targets/benchmark/src/main/java/com/example/webapp/cases/Case0063.java
BenchmarkTest02730,Case0071,targets/benchmark/src/main/java/com/example/webapp/cases/Case0071.java
BenchmarkTest02735,Case0190,targets/benchmark/src/main/java/com/example/webapp/cases/Case0190.java
BenchmarkTest02736,Case0007,targets/benchmark/src/main/java/com/example/webapp/cases/Case0007.java
BenchmarkTest02737,Case0029,targets/benchmark/src/main/java/com/example/webapp/cases/Case0029.java
BenchmarkTest02739,Case0164,targets/benchmark/src/main/java/com/example/webapp/cases/Case0164.java
