original_name,category,cwe,vulnerable
BenchmarkTest00025,sqli,CWE-89,true
BenchmarkTest00027,sqli,CWE-89,true
BenchmarkTest00032,sqli,CWE-89,true
BenchmarkTest00037,sqli,CWE-89,true
BenchmarkTest00041,xss,CWE-79,true
BenchmarkTest00150,xss,CWE-79,true
BenchmarkTest00152,xss,CWE-79,true
BenchmarkTest00153,xss,CWE-79,true
BenchmarkTest00154,xss,CWE-79,true
BenchmarkTest00190,sqli,CWE-89,false
BenchmarkTest00191,sqli,CWE-89,false
BenchmarkTest00276,xss,CWE-79,true
BenchmarkTest00278,xss,CWE-79,false
BenchmarkTest00280,xss,CWE-79,true
BenchmarkTest00285,xss,CWE-79,false
BenchmarkTest00286,xss,CWE-79,false
BenchmarkTest00287,xss,CWE-79,true
BenchmarkTest00328,sqli,CWE-89,true
BenchmarkTest00337,sqli,CWE-89,true
BenchmarkTest00338,sqli,CWE-89,false
BenchmarkTest00343,sqli,CWE-89,false
BenchmarkTest00381,xss,CWE-79,false
BenchmarkTest00382,xss,CWE-79,true
BenchmarkTest00395,xss,CWE-79,true
BenchmarkTest00432,sqli,CWE-89,false
BenchmarkTest00434,sqli,CWE-89,true
BenchmarkTest00436,sqli,CWE-89,false
BenchmarkTest00437,sqli,CWE-89,false
BenchmarkTest00468,xss,CWE-79,false
BenchmarkTest00476,xss,CWE-79,false
BenchmarkTest00477,xss,CWE-79,true
BenchmarkTest00478,xss,CWE-79,true
BenchmarkTest00512,sqli,CWE-89,true
BenchmarkTest00516,sqli,CWE-89,true
BenchmarkTest00553,xss,CWE-79,false
BenchmarkTest00589,sqli,CWE-89,false
BenchmarkTest00592,sqli,CWE-89,false
BenchmarkTest00602,sqli,CWE-89,false
BenchmarkTest00656,xss,CWE-79,true
BenchmarkTest00674,sqli,CWE-89,false
BenchmarkTest00677,sqli,CWE-89,true
BenchmarkTest00713,xss,CWE-79,false
BenchmarkTest00716,xss,CWE-79,false
BenchmarkTest00719,xss,CWE-79,true
BenchmarkTest00725,xss,CWE-79,true
BenchmarkTest00730,xss,CWE-79,false
BenchmarkTest00763,sqli,CWE-89,false
BenchmarkTest00765,sqli,CWE-89,true
BenchmarkTest00771,sqli,CWE-89,true
BenchmarkTest00774,sqli,CWE-89,false
BenchmarkTest00802,xss,CWE-79,true
BenchmarkTest00812,xss,CWE-79,false
BenchmarkTest00813,xss,CWE-79,false
BenchmarkTest00839,sqli,CWE-89,true
BenchmarkTest00842,sqli,CWE-89,true
BenchmarkTest00845,sqli,CWE-89,true
BenchmarkTest00881,xss,CWE-79,false
BenchmarkTest00884,xss,CWE-79,false
BenchmarkTest00888,xss,CWE-79,false
BenchmarkTest00889,xss,CWE-79,false
BenchmarkTest00924,sqli,CWE-89,false
BenchmarkTest00931,sqli,CWE-89,false
BenchmarkTest00934,sqli,CWE-89,false
BenchmarkTest01003,sqli,CWE-89,true
BenchmarkTest01012,sqli,CWE-89,false
BenchmarkTest01047,xss,CWE-79,true
BenchmarkTest01052,xss,CWE-79,false
BenchmarkTest01053,xss,CWE-79,false
BenchmarkTest01057,xss,CWE-79,true
BenchmarkTest01084,sqli,CWE-89,true
BenchmarkTest01088,sqli,CWE-89,true
BenchmarkTest01092,sqli,CWE-89,false
BenchmarkTest01094,sqli,CWE-89,true
BenchmarkTest01095,sqli,CWE-89,false
BenchmarkTest01098,sqli,CWE-89,false
BenchmarkTest01177,xss,CWE-79,true
BenchmarkTest01188,xss,CWE-79,false
BenchmarkTest01209,sqli,CWE-89,true
BenchmarkTest01211,sqli,CWE-89,true
BenchmarkTest01212,sqli,CWE-89,false
BenchmarkTest01220,sqli,CWE-89,false
BenchmarkTest01254,xss,CWE-79,true
BenchmarkTest01255,xss,CWE-79,false
BenchmarkTest01263,xss,CWE-79,true
BenchmarkTest01335,xss,CWE-79,true
BenchmarkTest01336,xss,CWE-79,false
BenchmarkTest01347,xss,CWE-79,true
BenchmarkTest01381,sqli,CWE-89,true
BenchmarkTest01389,sqli,CWE-89,false
BenchmarkTest01417,xss,CWE-79,true
BenchmarkTest01418,xss,CWE-79,true
BenchmarkTest01420,xss,CWE-79,false
BenchmarkTest01421,xss,CWE-79,false
BenchmarkTest01423,xss,CWE-79,true
BenchmarkTest01427,xss,CWE-79,true
BenchmarkTest01439,xss,CWE-79,false
BenchmarkTest01467,sqli,CWE-89,false
BenchmarkTest01470,sqli,CWE-89,true
BenchmarkTest01472,sqli,CWE-89,false
BenchmarkTest01506,xss,CWE-79,true
BenchmarkTest01508,xss,CWE-79,false
BenchmarkTest01515,xss,CWE-79,false
BenchmarkTest01553,sqli,CWE-89,false
BenchmarkTest01557,sqli,CWE-89,true
BenchmarkTest01587,xss,CWE-79,true
BenchmarkTest01595,xss,CWE-79,false
BenchmarkTest01625,sqli,CWE-89,true
BenchmarkTest01726,sqli,CWE-89,true
BenchmarkTest01768,xss,CWE-79,false
BenchmarkTest01773,xss,CWE-79,false
BenchmarkTest01807,sqli,CWE-89,false
BenchmarkTest01814,sqli,CWE-89,false
BenchmarkTest01815,sqli,CWE-89,false
BenchmarkTest01887,sqli,CWE-89,true
BenchmarkTest01890,sqli,CWE-89,true
BenchmarkTest01919,xss,CWE-79,true
BenchmarkTest01923,xss,CWE-79,true
BenchmarkTest01925,xss,CWE-79,true
BenchmarkTest01971,sqli,CWE-89,true
BenchmarkTest02048,xss,CWE-79,false
BenchmarkTest02089,sqli,CWE-89,false
BenchmarkTest02094,sqli,CWE-89,true
BenchmarkTest02095,sqli,CWE-89,false
BenchmarkTest02127,xss,CWE-79,true
BenchmarkTest02131,xss,CWE-79,true
BenchmarkTest02136,xss,CWE-79,true
BenchmarkTest02169,sqli,CWE-89,true
BenchmarkTest02171,sqli,CWE-89,true
BenchmarkTest02172,sqli,CWE-89,false
BenchmarkTest02180,sqli,CWE-89,false
BenchmarkTest02181,sqli,CWE-89,true
BenchmarkTest02182,sqli,CWE-89,true
BenchmarkTest02185,sqli,CWE-89,false
BenchmarkTest02188,sqli,CWE-89,false
BenchmarkTest02225,xss,CWE-79,true
BenchmarkTest02231,xss,CWE-79,false
BenchmarkTest02236,xss,CWE-79,false
BenchmarkTest02270,sqli,CWE-89,true
BenchmarkTest02273,sqli,CWE-89,true
BenchmarkTest02275,sqli,CWE-89,true
BenchmarkTest02277,sqli,CWE-89,true
BenchmarkTest02280,sqli,CWE-89,false
BenchmarkTest02317,xss,CWE-79,true
BenchmarkTest02319,xss,CWE-79,false
BenchmarkTest02323,xss,CWE-79,true
BenchmarkTest02328,xss,CWE-79,true
BenchmarkTest02331,xss,CWE-79,false
BenchmarkTest02332,xss,CWE-79,true
BenchmarkTest02354,sqli,CWE-89,true
BenchmarkTest02356,sqli,CWE-89,true
BenchmarkTest02359,sqli,CWE-89,true
BenchmarkTest02360,sqli,CWE-89,true
BenchmarkTest02362,sqli,CWE-89,true
BenchmarkTest02363,sqli,CWE-89,false
BenchmarkTest02364,sqli,CWE-89,true
BenchmarkTest02395,xss,CWE-79,true
BenchmarkTest02400,xss,CWE-79,true
BenchmarkTest02408,xss,CWE-79,false
BenchmarkTest02409,xss,CWE-79,true
BenchmarkTest02451,sqli,CWE-89,true
BenchmarkTest02453,sqli,CWE-89,true
BenchmarkTest02456,sqli,CWE-89,false
BenchmarkTest02482,xss,CWE-79,false
BenchmarkTest02489,xss,CWE-79,true
BenchmarkTest02495,xss,CWE-79,false
BenchmarkTest02509,xss,CWE-79,false
BenchmarkTest02536,sqli,CWE-89,false
BenchmarkTest02539,sqli,CWE-89,false
BenchmarkTest02540,sqli,CWE-89,false
BenchmarkTest02544,sqli,CWE-89,false
BenchmarkTest02581,xss,CWE-79,false
BenchmarkTest02582,xss,CWE-79,true
BenchmarkTest02583,xss,CWE-79,true
BenchmarkTest02584,xss,CWE-79,true
BenchmarkTest02588,xss,CWE-79,true
BenchmarkTest02589,xss,CWE-79,false
BenchmarkTest02591,xss,CWE-79,true
BenchmarkTest02596,xss,CWE-79,false
BenchmarkTest02599,xss,CWE-79,false
BenchmarkTest02608,xss,CWE-79,true
BenchmarkTest02627,sqli,CWE-89,true
BenchmarkTest02629,sqli,CWE-89,false
BenchmarkTest02631,sqli,CWE-89,false
BenchmarkTest02637,sqli,CWE-89,false
BenchmarkTest02647,sqli,CWE-89,true
BenchmarkTest02649,sqli,CWE-89,true
BenchmarkTest02653,sqli,CWE-89,true
BenchmarkTest02679,xss,CWE-79,false
BenchmarkTest02681,xss,CWE-79,false
BenchmarkTest02682,xss,CWE-79,false
BenchmarkTest02687,xss,CWE-79,false
BenchmarkTest02688,xss,CWE-79,false
BenchmarkTest02693,xss,CWE-79,false
BenchmarkTest02694,xss,CWE-79,false
BenchmarkTest02696,xss,CWE-79,false
BenchmarkTest02730,sqli,CWE-89,false
BenchmarkTest02735,sqli,CWE-89,false
BenchmarkTest02736,sqli,CWE-89,false
BenchmarkTest02737,sqli,CWE-89,false
BenchmarkTest02739,sqli,CWE-89,false
